,title,links
0,Wikipedia,https://en.wikipedia.org/wiki/Wikipedia
1,Free content,https://en.wikipedia.org/wiki/Free_content
2,Encyclopedia,https://en.wikipedia.org/wiki/Encyclopedia
3,Help:Introduction to Wikipedia,https://en.wikipedia.org/wiki/Help:Introduction_to_Wikipedia
4,Statistics,https://en.wikipedia.org/wiki/Special:Statistics
5,English language,https://en.wikipedia.org/wiki/English_language
6,File:Banksia canei flwr.jpg,https://en.wikipedia.org/wiki/File:Banksia_canei_flwr.jpg
7,Banksia canei,https://en.wikipedia.org/wiki/Banksia_canei
8,Shrub,https://en.wikipedia.org/wiki/Shrub
9,Montane ecosystems,https://en.wikipedia.org/wiki/Montane_ecosystems#Subalpine_zone
10,Great Dividing Range,https://en.wikipedia.org/wiki/Great_Dividing_Range
11,Melbourne,https://en.wikipedia.org/wiki/Melbourne
12,Canberra,https://en.wikipedia.org/wiki/Canberra
13,Species description,https://en.wikipedia.org/wiki/Species_description
14,Banksia marginata,https://en.wikipedia.org/wiki/Banksia_marginata
15,Banksia saxicola,https://en.wikipedia.org/wiki/Banksia_saxicola
16,Inflorescence,https://en.wikipedia.org/wiki/Inflorescence
17,Follicle (fruit),https://en.wikipedia.org/wiki/Follicle_(fruit)
18,Wildfire,https://en.wikipedia.org/wiki/Wildfire
19,Yellow-tufted honeyeater,https://en.wikipedia.org/wiki/Yellow-tufted_honeyeater
20,Banksia canei,https://en.wikipedia.org/wiki/Banksia_canei
21,Super Mario Bros.: The Lost Levels,https://en.wikipedia.org/wiki/Super_Mario_Bros.:_The_Lost_Levels
22,Loev,https://en.wikipedia.org/wiki/Loev
23,Don Dunstan,https://en.wikipedia.org/wiki/Don_Dunstan
24,Wikipedia:Today's featured article/June 2022,https://en.wikipedia.org/wiki/Wikipedia:Today%27s_featured_article/June_2022
25,Wikipedia:Featured articles,https://en.wikipedia.org/wiki/Wikipedia:Featured_articles
26,File:Celmisia major major 2749424.jpg,https://en.wikipedia.org/wiki/File:Celmisia_major_major_2749424.jpg
27,Celmisia major,https://en.wikipedia.org/wiki/Celmisia_major
28,Kim E. Nielsen,https://en.wikipedia.org/wiki/Kim_E._Nielsen
29,Disability studies,https://en.wikipedia.org/wiki/Disability_studies
30,Helen Keller,https://en.wikipedia.org/wiki/Helen_Keller
31,"Ich will den Kreuzstab gerne tragen, BWV 56 discography","https://en.wikipedia.org/wiki/Ich_will_den_Kreuzstab_gerne_tragen,_BWV_56_discography"
32,,"https://en.wikipedia.org/wiki/Ich_will_den_Kreuzstab_gerne_tragen,_BWV_56"
33,Mack Harrell,https://en.wikipedia.org/wiki/Mack_Harrell
34,Barry McDaniel,https://en.wikipedia.org/wiki/Barry_McDaniel
35,Johnny Hatley,https://en.wikipedia.org/wiki/Johnny_Hatley
36,American football,https://en.wikipedia.org/wiki/American_football
37,Rodeo,https://en.wikipedia.org/wiki/Rodeo
38,UB.109T,https://en.wikipedia.org/wiki/UB.109T
39,Cruise missile,https://en.wikipedia.org/wiki/Cruise_missile
40,Soviet Union,https://en.wikipedia.org/wiki/Soviet_Union
41,Metaphysics,https://en.wikipedia.org/wiki/Metaphysics
42,Helen Hadsell,https://en.wikipedia.org/wiki/Helen_Hadsell
43,Chabacano metro station,https://en.wikipedia.org/wiki/Chabacano_metro_station
44,,https://en.wikipedia.org/wiki/Total_Recall_(1990_film)
45,William Bracewell,https://en.wikipedia.org/wiki/William_Bracewell
46,Louis XIV,https://en.wikipedia.org/wiki/Louis_XIV
47,,https://en.wikipedia.org/wiki/Romeo_and_Juliet_(MacMillan)
48,Wikipedia:Recent additions,https://en.wikipedia.org/wiki/Wikipedia:Recent_additions
49,Help:Your first article,https://en.wikipedia.org/wiki/Help:Your_first_article
50,Template talk:Did you know,https://en.wikipedia.org/wiki/Template_talk:Did_you_know
51,File:Queen Elizabeth II in March 2015.jpg,https://en.wikipedia.org/wiki/File:Queen_Elizabeth_II_in_March_2015.jpg
52,Commonwealth of Nations,https://en.wikipedia.org/wiki/Commonwealth_of_Nations
53,Platinum Jubilee of Elizabeth II,https://en.wikipedia.org/wiki/Platinum_Jubilee_of_Elizabeth_II
54,Elizabeth II,https://en.wikipedia.org/wiki/Elizabeth_II
55,Gujarat Titans,https://en.wikipedia.org/wiki/Gujarat_Titans
56,Indian Premier League,https://en.wikipedia.org/wiki/Indian_Premier_League
57,Rajasthan Royals,https://en.wikipedia.org/wiki/Rajasthan_Royals
58,2022 Indian Premier League Final,https://en.wikipedia.org/wiki/2022_Indian_Premier_League_Final
59,Tara Air Flight 197,https://en.wikipedia.org/wiki/Tara_Air_Flight_197
60,2022 Port Harcourt stampede,https://en.wikipedia.org/wiki/2022_Port_Harcourt_stampede
61,Port Harcourt,https://en.wikipedia.org/wiki/Port_Harcourt
62,Portal:Current events,https://en.wikipedia.org/wiki/Portal:Current_events
63,COVID-19 pandemic,https://en.wikipedia.org/wiki/COVID-19_pandemic
64,2022 Russian invasion of Ukraine,https://en.wikipedia.org/wiki/2022_Russian_invasion_of_Ukraine
65,Deaths in 2022,https://en.wikipedia.org/wiki/Deaths_in_2022
66,Ronnie Hawkins,https://en.wikipedia.org/wiki/Ronnie_Hawkins
67,Marion Barber III,https://en.wikipedia.org/wiki/Marion_Barber_III
68,Andrée Geulen,https://en.wikipedia.org/wiki/Andr%C3%A9e_Geulen
69,Ramses Ohee,https://en.wikipedia.org/wiki/Ramses_Ohee
70,Ciriaco De Mita,https://en.wikipedia.org/wiki/Ciriaco_De_Mita
71,Bujar Nishani,https://en.wikipedia.org/wiki/Bujar_Nishani
72,Wikipedia:In the news/Candidates,https://en.wikipedia.org/wiki/Wikipedia:In_the_news/Candidates
73,June 4,https://en.wikipedia.org/wiki/June_4
74,Trianon Treaty Day,https://en.wikipedia.org/wiki/Trianon_Treaty_Day
75,"File:St Paul's old. From Francis Bond, Early Christian Architecture. Last book 1913..jpg","https://en.wikipedia.org/wiki/File:St_Paul%27s_old._From_Francis_Bond,_Early_Christian_Architecture._Last_book_1913..jpg"
76,1561,https://en.wikipedia.org/wiki/1561
77,Old St Paul's Cathedral,https://en.wikipedia.org/wiki/Old_St_Paul%27s_Cathedral
78,1784,https://en.wikipedia.org/wiki/1784
79,Élisabeth Thible,https://en.wikipedia.org/wiki/%C3%89lisabeth_Thible
80,1920,https://en.wikipedia.org/wiki/1920
81,Kingdom of Hungary,https://en.wikipedia.org/wiki/Kingdom_of_Hungary
82,Treaty of Trianon,https://en.wikipedia.org/wiki/Treaty_of_Trianon
83,1942,https://en.wikipedia.org/wiki/1942
84,World War II,https://en.wikipedia.org/wiki/World_War_II
85,Battle of Midway,https://en.wikipedia.org/wiki/Battle_of_Midway
86,Pacific War,https://en.wikipedia.org/wiki/Pacific_War
87,Midway Atoll,https://en.wikipedia.org/wiki/Midway_Atoll
88,1989,https://en.wikipedia.org/wiki/1989
89,Ruhollah Khomeini,https://en.wikipedia.org/wiki/Ruhollah_Khomeini
90,Assembly of Experts,https://en.wikipedia.org/wiki/Assembly_of_Experts
91,Ali Khamenei,https://en.wikipedia.org/wiki/Ali_Khamenei
92,Supreme Leader of Iran,https://en.wikipedia.org/wiki/Supreme_Leader_of_Iran
93,Johan Rudolph Thorbecke,https://en.wikipedia.org/wiki/Johan_Rudolph_Thorbecke
94,W. H. R. Rivers,https://en.wikipedia.org/wiki/W._H._R._Rivers
95,Rodolfo Quezada Toruño,https://en.wikipedia.org/wiki/Rodolfo_Quezada_Toru%C3%B1o
96,June 3,https://en.wikipedia.org/wiki/June_3
97,June 4,https://en.wikipedia.org/wiki/June_4
98,June 5,https://en.wikipedia.org/wiki/June_5
99,Wikipedia:Selected anniversaries/June,https://en.wikipedia.org/wiki/Wikipedia:Selected_anniversaries/June
100,List of days of the year,https://en.wikipedia.org/wiki/List_of_days_of_the_year
101,File:Baruch Zvi Ring - Memorial Tablet and Omer Calendar - Google Art Project.jpg,https://en.wikipedia.org/wiki/File:Baruch_Zvi_Ring_-_Memorial_Tablet_and_Omer_Calendar_-_Google_Art_Project.jpg
102,Counting of the Omer,https://en.wikipedia.org/wiki/Counting_of_the_Omer
103,Judaism,https://en.wikipedia.org/wiki/Judaism
104,Passover,https://en.wikipedia.org/wiki/Passover
105,Shavuot,https://en.wikipedia.org/wiki/Shavuot
106,Mitzvah,https://en.wikipedia.org/wiki/Mitzvah
107,Torah,https://en.wikipedia.org/wiki/Torah
108,Omer (unit),https://en.wikipedia.org/wiki/Omer_(unit)
109,Barley,https://en.wikipedia.org/wiki/Barley
110,Temple in Jerusalem,https://en.wikipedia.org/wiki/Temple_in_Jerusalem
111,Passover,https://en.wikipedia.org/wiki/Passover
112,Nisan,https://en.wikipedia.org/wiki/Nisan
113,Rabbinic Judaism,https://en.wikipedia.org/wiki/Rabbinic_Judaism
114,Shabbat,https://en.wikipedia.org/wiki/Shabbat
115,Karaite Judaism,https://en.wikipedia.org/wiki/Karaite_Judaism
116,Jewish Museum (Manhattan),https://en.wikipedia.org/wiki/Jewish_Museum_(Manhattan)
117,Template:POTD/2022-06-03,https://en.wikipedia.org/wiki/Template:POTD/2022-06-03
118,Template:POTD/2022-06-02,https://en.wikipedia.org/wiki/Template:POTD/2022-06-02
119,Template:POTD/2022-06-01,https://en.wikipedia.org/wiki/Template:POTD/2022-06-01
120,Wikipedia:Picture of the day/Archive,https://en.wikipedia.org/wiki/Wikipedia:Picture_of_the_day/Archive
121,Wikipedia:Featured pictures,https://en.wikipedia.org/wiki/Wikipedia:Featured_pictures
122,Wikipedia:Community portal,https://en.wikipedia.org/wiki/Wikipedia:Community_portal
123,Wikipedia:Village pump,https://en.wikipedia.org/wiki/Wikipedia:Village_pump
124,Wikipedia:News,https://en.wikipedia.org/wiki/Wikipedia:News
125,Wikipedia:Teahouse,https://en.wikipedia.org/wiki/Wikipedia:Teahouse
126,Wikipedia:Help desk,https://en.wikipedia.org/wiki/Wikipedia:Help_desk
127,Wikipedia:Reference desk,https://en.wikipedia.org/wiki/Wikipedia:Reference_desk
128,Wikipedia:Contents/Portals,https://en.wikipedia.org/wiki/Wikipedia:Contents/Portals
129,Wikimedia Foundation,https://en.wikipedia.org/wiki/Wikimedia_Foundation
130,English language,https://en.wikipedia.org/wiki/English_language
